timestamp,close,lstm_predictions
2001-08-31,14.9,-1.0
2001-09-28,12.75,-1.0
2001-10-31,17.57,-1.0
2001-11-30,22.6,-1.0
2001-12-31,26.92,-1.0
2002-01-31,25.78,-1.0
2002-02-28,26.19,-1.0
2002-03-28,26.7,-1.0
2002-04-30,21.44,-1.0
2002-05-31,20.85,-1.0
2002-06-28,19.0,-1.0
2002-07-31,16.5,-1.0
2002-08-30,16.45,-1.0
2002-09-30,14.28,-1.0
2002-10-31,16.88,-1.0
2002-11-29,19.25,-1.0
2002-12-31,17.99,-1.0
2003-01-31,16.55,-1.0
2003-02-28,15.34,-1.0
2003-03-31,15.5,-1.0
2003-04-30,16.02,-1.0
2003-05-30,17.52,-1.0
2003-06-30,18.09,-1.0
2003-07-31,19.42,-1.0
2003-08-29,21.16,-1.0
2003-09-30,22.34,-1.0
2003-10-31,23.4,-1.0
2003-11-28,24.9,-1.0
2003-12-31,26.32,-1.0
2004-01-30,23.67,-1.0
2004-02-27,23.1,23.954208374023438
2004-03-31,24.8,24.55055809020996
2004-04-30,23.77,25.22747802734375
2004-05-28,24.61,25.503522872924805
2004-06-30,27.48,25.52827262878418
2004-07-30,24.63,25.794355392456055
2004-08-31,26.1,25.831575393676758
2004-09-30,27.05,25.79779052734375
2004-10-29,24.21,25.979494094848633
2004-11-30,25.94,25.594038009643555
2004-12-31,27.0,25.42828941345215
2005-01-31,26.05,25.70232391357422
2005-02-28,25.55,25.907604217529297
2005-03-31,24.15,26.318777084350586
2005-04-29,21.7,26.67197608947754
2005-05-31,23.28,26.24785614013672
2005-06-30,22.67,25.908567428588867
2005-07-29,25.04,25.9705753326416
2005-08-31,24.4,26.23383903503418
2005-09-30,25.46,26.59433937072754
2005-10-31,26.31,27.139936447143555
2005-11-30,28.44,27.506206512451172
2005-12-30,28.87,27.94443702697754
2006-01-31,31.53,28.772592544555664
2006-02-28,32.66,29.59532928466797
2006-03-31,30.07,30.546871185302734
2006-04-28,29.07,31.181682586669922
2006-05-31,28.15,31.3750057220459
2006-06-30,28.32,31.098676681518555
2006-07-31,29.26,30.87508201599121
2006-08-31,29.66,30.949392318725586
2006-09-29,31.71,31.169620513916016
2006-10-31,32.91,31.635990142822266
2006-11-30,33.7,32.283660888671875
2006-12-29,36.93,32.724369049072266
2007-01-31,37.75,33.28402328491211
2007-02-28,35.78,34.02374267578125
2007-03-30,38.54,34.486541748046875
2007-04-30,39.1,35.28047180175781
2007-05-31,40.94,36.193328857421875
2007-06-29,42.89,36.899200439453125
2007-07-31,42.13,37.643428802490234
2007-08-31,41.21,37.994197845458984
2007-09-28,40.25,38.35320281982422
2007-10-31,39.05,38.80487823486328
2007-11-30,34.56,39.31370544433594
2007-12-31,36.03,39.187164306640625
2008-01-31,34.62,39.14076232910156
2008-02-29,35.25,38.94594192504883
2008-03-31,35.17,38.84196853637695
2008-04-30,37.55,39.119789123535156
2008-05-30,40.82,39.59919357299805
2008-06-30,40.72,40.326683044433594
2008-07-31,41.76,41.045684814453125
2008-08-29,41.36,41.74237823486328
2008-09-30,38.0,42.11237335205078
2008-10-31,33.05,42.35869598388672
2008-11-28,30.98,42.001380920410156
2008-12-31,32.79,41.31612014770508
2009-01-30,31.56,40.90028762817383
2009-02-27,29.19,40.6910285949707
2009-03-31,27.49,40.37865447998047
2009-04-30,29.43,39.81333541870117
2009-05-29,29.93,39.6219367980957
2009-06-30,33.46,39.41242599487305
2009-07-31,35.07,39.56394577026367
2009-08-31,33.0,40.03153610229492
2009-09-30,37.27,40.264034271240234
2009-10-30,37.08,40.929046630859375
2009-11-30,41.04,41.38898468017578
2009-12-31,41.5,42.02796936035156
2010-01-29,40.99,42.42485427856445
2010-02-26,39.97,42.656654357910156
2010-03-31,41.95,42.65198516845703
2010-04-30,43.64,42.930023193359375
2010-05-28,37.52,43.526607513427734
2010-06-30,38.65,43.147491455078125
2010-07-30,39.64,42.79628372192383
2010-08-31,36.6,42.591434478759766
2010-09-30,42.49,42.45263671875
2010-10-29,44.71,43.21831512451172
2010-11-30,43.32,44.15121078491211
2010-12-31,48.49,44.26172637939453
2011-01-31,51.47,44.81428527832031
2011-02-28,51.48,45.72787857055664
2011-03-31,54.97,46.249820709228516
2011-04-29,57.13,47.62877655029297
2011-05-31,57.39,49.11126708984375
2011-06-30,60.42,50.02143478393555
2011-07-29,59.14,51.2338981628418
2011-08-31,53.59,52.46858215332031
2011-09-30,52.68,52.88824462890625
2011-10-31,60.26,53.08235549926758
2011-11-30,57.93,54.44976806640625
2011-12-30,53.23,55.156341552734375
2012-01-31,57.34,55.465171813964844
2012-02-29,59.54,56.478580474853516
2012-03-30,64.5,57.07685852050781
2012-04-30,64.95,58.40668869018555
2012-05-31,57.1,60.100948333740234
2012-06-29,60.09,60.27608108520508
2012-07-31,60.3,60.5911750793457
2012-08-31,61.6,61.5693473815918
2012-09-28,70.03,62.274417877197266
2012-10-31,67.41,63.44258499145508
2012-11-30,67.92,64.61085510253906
2012-12-31,66.5,65.49317169189453
2013-01-31,71.89,66.22628021240234
2013-02-28,74.36,68.07988739013672
2013-03-28,75.97,70.13236999511719
2013-04-30,81.44,71.62116241455078
2013-05-31,82.11,73.7864990234375
2013-06-28,71.96,75.7025375366211
2013-07-31,73.81,76.30583190917969
2013-08-30,72.25,77.10584259033203
2013-09-30,73.64,77.31631469726562
2013-10-31,73.5,77.25904083251953
2013-11-29,77.47,77.95072174072266
2013-12-31,82.22,78.64924621582031
2014-01-31,79.88,79.92432403564453
2014-02-28,83.35,80.92152404785156
2014-03-31,79.72,82.08478546142578
2014-04-30,80.22,82.37476348876953
2014-05-30,81.45,82.78762817382812
2014-06-30,80.84,84.44149017333984
2014-07-31,79.28,85.89417266845703
2014-08-29,81.06,86.71443176269531
2014-09-30,81.32,87.11373138427734
2014-10-31,81.12,86.58562469482422
2014-11-28,86.33,86.7093505859375
2014-12-31,89.31,88.41473388671875
2015-01-30,84.03,90.42681884765625
2015-02-27,90.03,91.84989166259766
2015-03-31,93.69,93.22608947753906
2015-04-30,92.65,94.42869567871094
2015-05-29,96.04,95.25294494628906
2015-06-30,96.78,96.85862731933594
2015-07-31,103.11,98.78266906738281
2015-08-31,94.27,100.57356262207031
2015-09-30,98.26,101.9438705444336
2015-10-30,107.2,102.89362335205078
2015-11-30,107.22,103.87747192382812
2015-12-31,104.5,105.09949493408203
2016-01-29,105.54,106.45117950439453
2016-02-29,100.26,107.52228546142578
2016-03-31,115.4,108.03933715820312
2016-04-29,112.92,110.52333068847656
2016-05-31,118.97,112.81763458251953
2016-06-30,113.29,114.64326477050781
2016-07-29,112.81,116.29409790039062
2016-08-31,115.0,117.10201263427734
2016-09-30,122.17,118.3646240234375
2016-10-31,116.24,120.29759216308594
2016-11-30,119.43,121.70489501953125
2016-12-30,117.13,122.56356811523438
2017-01-31,113.87,123.6335220336914
2017-02-28,122.5,124.58563995361328
2017-03-31,119.88,126.5702133178711
2017-04-28,121.3,127.85992431640625
2017-05-31,124.47,129.27163696289062
2017-06-30,123.68,130.33309936523438
2017-07-31,128.82,132.26170349121094
2017-08-31,130.76,134.90684509277344
2017-09-29,135.07,137.22230529785156
2017-10-31,142.36,139.32330322265625
2017-11-30,148.01,141.64328002929688
2017-12-29,153.09,144.85313415527344
2018-01-31,160.7,148.8693389892578
2018-02-28,161.01,153.0459747314453
2018-03-29,153.5,157.3866729736328
2018-04-30,151.2,159.19749450683594
2018-05-31,155.74,159.93218994140625
2018-06-29,163.59,161.4090118408203
2018-07-31,159.33,164.57542419433594
2018-08-31,169.07,167.03514099121094
2018-09-28,170.2,170.30345153808594
2018-10-31,157.62,172.55027770996094
2018-11-30,164.52,173.17591857910156
2018-12-31,141.01,174.92385864257812
2019-01-31,153.55,174.2233123779297
2019-02-28,161.38,174.6843719482422
2019-03-29,176.02,176.56883239746094
2019-04-30,182.67,179.54083251953125
2019-05-31,178.07,183.80038452148438
2019-06-28,184.77,186.7715301513672
2019-07-31,192.58,190.5703582763672
2019-08-30,198.17,194.6294708251953
2019-09-30,192.35,199.9981689453125
2019-10-31,185.42,204.3601837158203
2019-11-29,201.16,206.63107299804688
2019-12-31,210.57,210.00755310058594
2020-01-31,205.21,214.56161499023438
2020-02-28,180.59,217.37135314941406
2020-03-31,163.26,217.8231964111328
2020-04-30,185.19,215.81333923339844
2020-05-29,201.62,216.54840087890625
2020-06-30,214.72,221.1761016845703
2020-07-31,224.78,226.16831970214844
2020-08-31,239.93,230.8468780517578
2020-09-30,225.99,235.9869384765625
2020-10-30,216.91,239.74777221679688
2020-11-30,249.09,243.3924560546875
2020-12-31,261.21,250.38246154785156
2021-01-29,241.92,258.5599670410156
2021-02-26,250.9,262.3532409667969
2021-03-31,276.25,265.6903076171875
2021-04-30,289.97,271.57843017578125
2021-05-28,282.16,278.6802062988281
2021-06-30,294.79,285.44122314453125
2021-07-30,317.68,293.2047424316406
2021-08-31,336.56,303.7842712402344
2021-09-30,319.92,317.7403564453125
2021-10-29,358.79,327.93646240234375
2021-11-30,357.4,338.7567443847656
2021-12-31,414.55,348.0527038574219
2022-01-31,353.58,361.8603515625
2022-02-28,316.02,369.25225830078125
2022-03-31,337.23,369.7059020996094
2022-04-29,300.36,376.6014709472656
2022-05-31,298.46,374.3646240234375
2022-06-30,277.65,370.289306640625
2022-07-29,306.26,363.9045104980469
2022-08-31,288.46,363.1983947753906
2022-09-30,257.3,365.4962158203125
2022-10-31,283.9,365.9503173828125
2022-11-30,300.93,370.7208557128906
2022-12-30,266.84,376.14166259765625
2023-01-31,279.05,376.77337646484375
2023-02-28,265.55,379.3313903808594
2023-03-31,285.81,379.1429138183594
2023-04-28,280.29,383.296142578125
2023-05-31,305.92,387.3150634765625
2023-06-30,308.58,388.6128234863281
2023-07-31,316.35,394.0404357910156
2023-08-31,323.77,402.97833251953125
2023-09-29,307.11,412.4592590332031
2023-10-31,297.09,416.308837890625
2023-11-30,333.14,416.0933532714844
2023-12-29,350.91,420.80706787109375
2024-01-31,363.88,424.9186706542969
2024-02-29,374.78,431.6484680175781
2024-03-28,346.61,443.237548828125
2024-04-30,300.91,446.53802490234375
2024-05-31,282.29,441.2904357910156
2024-06-28,303.41,429.4144287109375
2024-07-31,330.62,418.73907470703125
2024-08-30,341.95,416.4908447265625
2024-09-30,353.48,419.0290832519531
2024-10-31,344.82,421.8261413574219
2024-11-29,362.37,423.88018798828125
2024-12-31,351.79,428.7136535644531
2025-01-31,384.95,434.0507507324219
2025-02-28,348.5,438.9617614746094
2025-03-31,312.04,444.6072082519531
2025-04-15,288.66,443.49810791015625
