timestamp,open,high,low,close,volume
2025-04-15,311.6000,318.0000,275.0096,288.6600,49838036
2025-03-31,349.4200,351.9900,291.5100,312.0400,89540540
2025-02-28,381.1400,398.3500,342.4100,348.5000,52862977
2025-01-31,353.1000,387.0000,344.3700,384.9500,55376944
2024-12-31,362.7700,376.9100,346.6200,351.7900,52323001
2024-11-29,346.9400,372.0000,341.5800,362.3700,48896789
2024-10-31,354.9900,377.3400,342.6200,344.8200,53139904
2024-09-30,341.3600,363.9900,331.8700,353.4800,50618622
2024-08-30,333.8800,343.8700,310.2300,341.9500,44491136
2024-07-31,303.7300,336.2500,290.5306,330.6200,65713711
2024-06-28,286.3500,317.7300,280.3400,303.4100,88749524
2024-05-31,300.1300,313.4000,278.6900,282.2900,65982363
2024-04-30,344.8600,345.0000,299.6800,300.9100,66438103
2024-03-28,375.8000,387.5100,329.6900,346.6100,58972139
2024-02-29,364.0000,380.4000,358.9700,374.7800,38241196
2024-01-31,348.1900,375.7300,335.0000,363.8800,43235392
2023-12-29,333.8000,355.3800,332.0200,350.9100,43661098
2023-11-30,298.1700,335.8000,298.1700,333.1400,37426114
2023-10-31,307.5700,315.4275,288.4600,297.0900,41308415
2023-09-29,326.0500,330.4350,294.4900,307.1100,43344188
2023-08-31,315.4400,326.2300,301.3100,323.7700,35908709
2023-07-31,308.0000,324.1900,304.1200,316.3500,36728568
2023-06-30,305.7300,327.9300,296.0000,308.5800,62202789
2023-05-31,279.0900,318.9100,261.6800,305.9200,61120868
2023-04-28,283.3900,288.6500,270.2000,280.2900,43227073
2023-03-31,265.0100,285.9600,242.8000,285.8100,69748350
2023-02-28,276.6000,295.7850,262.7450,265.5500,35008005
2023-01-31,269.2000,287.9699,261.3700,279.0500,45062330
2022-12-30,302.4500,305.1300,253.5000,266.8400,50442560
2022-11-30,287.0600,300.9700,256.0200,300.9300,39823017
2022-10-31,260.2700,288.2200,242.9500,283.9000,46328631
2022-09-30,287.8000,296.8071,254.2700,257.3000,50837956
2022-08-31,302.5300,322.8800,287.4300,288.4600,36923164
2022-07-29,277.5800,307.7600,261.7700,306.2600,39738878
2022-06-30,304.1300,312.3200,269.0900,277.6500,51681159
2022-05-31,300.4600,315.8800,268.1700,298.4600,50751674
2022-04-29,338.5900,345.2950,299.8000,300.3600,44778003
2022-03-31,317.0000,344.4600,297.3600,337.2300,62746411
2022-02-28,354.2200,360.1000,300.7100,316.0200,47911095
2022-01-31,414.6600,415.5300,319.1000,353.5800,63404123
2021-12-31,365.2700,417.3700,357.3400,414.5500,53138810
2021-11-30,358.8300,374.9200,352.1000,357.4000,45456164
2021-10-29,323.3700,359.6200,316.0100,358.7900,35414129
2021-09-30,337.4500,345.5199,318.3000,319.9200,45873750
2021-08-31,319.2700,338.6500,315.5000,336.5600,32645171
2021-07-30,295.4800,321.0000,295.0000,317.6800,38536483
2021-06-30,285.5800,297.8000,277.3800,294.7900,42874066
2021-05-28,292.9300,294.5000,276.8800,282.1600,39091883
2021-04-30,278.6200,293.2800,276.0650,289.9700,38033843
2021-03-31,254.0000,281.3000,244.4400,276.2500,58126772
2021-02-26,246.1000,261.6100,243.9700,250.9000,34237022
2021-01-29,261.0000,266.5300,241.7300,241.9200,37983334
2020-12-31,251.5100,271.1752,243.5500,261.2100,45345680
2020-11-30,219.1700,250.9100,218.3200,249.0900,35308100
2020-10-30,227.3600,234.7050,212.4500,216.9100,37834829
2020-09-30,238.4900,247.8200,210.4200,225.9900,48351460
2020-08-31,225.0000,243.5350,224.4600,239.9300,31525012
2020-07-31,214.5000,225.7400,213.5100,224.7800,36955003
2020-06-30,201.5400,217.8900,194.8300,214.7200,55503423
2020-05-29,181.7100,204.1800,174.9400,201.6200,41873695
2020-04-30,158.5700,188.1700,148.2800,185.1900,59789652
2020-03-31,182.0000,191.9000,137.1500,163.2600,105567585
2020-02-28,205.3400,216.3900,175.3000,180.5900,42167458
2020-01-31,210.8600,211.9200,203.1900,205.2100,46225013
2019-12-31,201.4400,213.2500,196.4700,210.5700,39938912
2019-11-29,186.7000,201.6600,185.4800,201.1600,30465190
2019-10-31,192.6000,193.3700,181.9700,185.4200,43194877
2019-09-30,196.3600,202.8000,187.2800,192.3500,44010809
2019-08-30,193.3300,200.6800,184.2300,198.1700,41079787
2019-07-31,184.8300,197.4700,184.4300,192.5800,34621173
2019-06-28,177.8700,187.3100,174.2300,184.7700,39716091
2019-05-31,183.2000,183.3500,170.3500,178.0700,39072543
2019-04-30,175.5000,182.8300,174.5600,182.6700,35897727
2019-03-29,163.0000,177.4900,160.5000,176.0200,45264233
2019-02-28,154.2500,162.5000,153.6600,161.3800,34127927
2019-01-31,138.9300,154.9000,135.5800,153.5500,43567882
2018-12-31,165.9700,168.3700,132.6300,141.0100,58259545
2018-11-30,157.9000,165.9400,155.2500,164.5200,47618583
2018-10-31,171.1400,174.8200,150.6300,157.6200,53970147
2018-09-28,168.7600,175.6400,167.5000,170.2000,40698395
2018-08-31,160.3100,169.9200,157.8400,169.0700,37641086
2018-07-31,161.9000,168.9500,158.0800,159.3300,42663772
2018-06-29,156.9400,165.5600,155.3000,163.5900,58202688
2018-05-31,151.0900,157.6500,149.1400,155.7400,37186771
2018-04-30,151.8200,155.7000,146.0500,151.2000,42174448
2018-03-29,161.2800,164.3000,147.1600,153.5000,64803328
2018-02-28,160.1600,165.5800,148.7900,161.0100,42098561
2018-01-31,153.5000,162.6000,152.7800,160.7000,41400104
2017-12-29,147.7000,158.4400,145.7450,153.0900,39787718
2017-11-30,142.2600,148.6000,141.4700,148.0100,33931965
2017-10-31,135.2300,143.7800,133.6600,142.3600,40550215
2017-09-29,130.9500,138.7000,129.1000,135.0700,50382602
2017-08-31,129.1000,130.9200,127.2600,130.7600,34109278
2017-07-31,123.8200,129.7000,122.0300,128.8200,33445623
2017-06-30,124.9300,128.4700,119.1000,123.6800,55924022
2017-05-31,121.3700,124.6000,119.4100,124.4700,40075502
2017-04-28,118.0000,121.3500,114.8200,121.3000,42279091
2017-03-31,123.2400,126.5300,118.3000,119.8800,65635194
2017-02-28,113.8000,123.4300,112.3100,122.5000,38175650
2017-01-31,117.3800,118.3600,112.6100,113.8700,52906512
2016-12-30,119.5000,125.7200,116.0900,117.1300,49412647
2016-11-30,116.5000,121.5250,114.6600,119.4300,54965377
2016-10-31,121.5900,122.4700,114.5100,116.2400,50003647
2016-09-30,114.7500,124.9600,108.8310,122.1700,58698432
2016-08-31,112.5800,116.2000,111.7300,115.0000,42293025
2016-07-29,113.6600,118.0000,111.3300,112.8100,43820196
2016-06-30,118.2100,120.7800,108.6600,113.2900,50791675
2016-05-31,112.9000,119.7200,112.2500,118.9700,37904966
2016-04-29,114.7600,116.5200,111.7900,112.9200,49573195
2016-03-31,101.3800,116.5100,101.0000,115.4000,68411658
2016-02-29,104.7500,106.8000,91.4000,100.2600,72193288
2016-01-29,102.6200,105.6500,97.1400,105.5400,66081956
2015-12-31,107.2900,109.6500,101.9100,104.5000,54928091
2015-11-30,107.0800,108.4300,103.0200,107.2200,46894036
2015-10-30,98.4700,109.8600,96.3100,107.2000,55514922
2015-09-30,92.0700,99.9400,91.6800,98.2600,60020602
2015-08-31,103.1700,105.3700,88.4300,94.2700,56994738
2015-07-31,97.7400,103.9900,96.3100,103.1100,48479551
2015-06-30,96.1800,100.4700,94.2500,96.7800,49599666
2015-05-29,93.3200,97.9500,92.5900,96.0400,39462906
2015-04-30,93.5600,96.7800,92.1300,92.6500,48846178
2015-03-31,89.7600,94.9800,86.4000,93.6900,68504485
2015-02-27,84.4200,91.4400,83.4700,90.0300,41497276
2015-01-30,89.6700,91.3400,83.8600,84.0300,54799695
2014-12-31,85.8800,91.9400,81.6600,89.3100,62647413
2014-11-28,81.0300,86.4900,80.6700,86.3300,43764843
2014-10-31,81.1800,81.4200,73.9800,81.1200,75172326
2014-09-30,80.9500,82.1600,77.5603,81.3200,67794624
2014-08-29,78.8500,81.9900,76.8700,81.0600,39526340
2014-07-31,81.0900,81.6900,78.8500,79.2800,50873500
2014-06-30,81.1000,84.5600,79.7660,80.8400,60237800
2014-05-30,80.1800,81.4900,77.7100,81.4500,42588900
2014-04-30,79.6000,80.3900,76.3620,80.2200,71963300
2014-03-31,82.5600,84.6900,76.2500,79.7200,69509700
2014-02-28,80.0200,84.7500,77.4200,83.3500,47342400
2014-01-31,81.5000,85.8800,78.8200,79.8800,70394800
2013-12-31,77.4200,83.4500,73.7900,82.2200,75326700
2013-11-29,73.8900,79.4500,72.3300,77.4700,61371800
2013-10-31,73.5400,75.2600,69.7800,73.5000,69020600
2013-09-30,72.7200,78.3400,72.3600,73.6400,70562800
2013-08-30,74.2100,74.9700,70.5000,72.2500,66314900
2013-07-31,72.1400,76.6200,71.3900,73.8100,78276600
2013-06-28,82.4800,83.3000,69.0000,71.9600,77034300
2013-05-31,81.4400,84.2250,78.7400,82.1100,60586600
2013-04-30,76.0700,81.4500,74.1900,81.4400,65806700
2013-03-28,74.1300,78.4600,72.4200,75.9700,52750300
2013-02-28,72.7100,75.9700,71.5800,74.3600,46725400
2013-01-31,67.5900,72.8700,67.5500,71.8900,57769100
2012-12-31,68.1400,71.5000,65.2000,66.5000,69320100
2012-11-30,67.4200,69.2500,64.3000,67.9200,55847900
2012-10-31,69.9900,71.7900,66.2200,67.4100,72324100
2012-09-28,61.6000,70.6500,60.6900,70.0300,64113100
2012-08-31,60.4400,61.9800,58.6900,61.6000,49672900
2012-07-31,59.7900,61.1200,56.2300,60.3000,61528000
2012-06-29,56.3500,60.3200,54.9400,60.0900,88963400
2012-05-31,64.8500,65.6400,56.2100,57.1000,90845100
2012-04-30,64.6300,65.6600,61.7690,64.9500,63944800
2012-03-30,59.8100,65.8900,59.0700,64.5000,79315200
2012-02-29,57.9900,60.0000,56.4500,59.5400,55918000
2012-01-31,53.9200,57.8000,51.4700,57.3400,97148100
2011-12-30,57.7100,60.2000,51.0800,53.2300,90453900
2011-11-30,57.1100,59.6200,53.1900,57.9300,59289900
2011-10-31,52.5700,61.9000,50.3400,60.2600,89933100
2011-09-30,53.6100,56.3000,48.5500,52.6800,128061900
2011-08-31,59.6300,60.0300,47.4000,53.5900,159486600
2011-07-29,60.1900,63.6600,58.7500,59.1400,241736400
2011-06-30,57.4600,60.9800,53.5000,60.4200,136676600
2011-05-31,57.1200,58.2050,54.5400,57.3900,71699800
2011-04-29,54.8100,57.8650,54.0500,57.1300,69946500
2011-03-31,51.8400,56.7800,48.7200,54.9700,89040100
2011-02-28,51.8300,54.5500,51.2000,51.4800,48307700
2011-01-31,48.6600,52.7200,47.6800,51.4700,74316500
2010-12-31,43.7700,51.4300,43.2400,48.4900,84905700
2010-11-30,44.5800,45.7100,42.2200,43.3200,70845000
2010-10-29,43.8300,45.9700,43.8300,44.7100,99629100
2010-09-30,36.9700,42.7999,36.9700,42.4900,82425900
2010-08-31,40.1700,40.7500,36.4500,36.6000,83355800
2010-07-30,38.3600,40.6200,37.6800,39.6400,89911200
2010-06-30,37.2800,41.1300,36.0500,38.6500,153840800
2010-05-28,43.4400,43.8200,37.0000,37.5200,117286825
2010-04-30,42.1700,44.6700,41.2300,43.6400,88941500
2010-03-31,39.8800,42.9900,39.8800,41.9500,86658100
2010-02-26,41.1600,41.8400,39.5500,39.9700,72475100
2010-01-29,41.5200,43.8900,40.9400,40.9900,83773900
2009-12-31,41.2500,43.3300,40.3600,41.5000,91863900
2009-11-30,37.0000,41.0700,36.9300,41.0400,75115800
2009-10-30,37.0400,39.5200,36.3900,37.0800,117434200
2009-09-30,33.2500,38.0700,32.8900,37.2700,135999800
2009-08-31,35.3200,36.7400,33.0000,33.0000,148209300
2009-07-31,33.2800,35.4900,32.0200,35.0700,73501700
2009-06-30,30.1700,33.8400,29.3800,33.4600,89818400
2009-05-29,29.6100,30.9900,28.3875,29.9300,79422300
2009-04-30,27.2600,29.9100,26.3300,29.4300,125957400
2009-03-31,28.6000,32.0000,26.8600,27.4900,126636400
2009-02-27,31.2200,33.4400,28.0600,29.1900,71822500
2009-01-30,32.5400,34.8000,30.9100,31.5600,93406200
2008-12-31,30.0000,32.9800,26.2500,32.7900,90823300
2008-11-28,33.2200,33.2700,26.2900,30.9800,77945200
2008-10-31,37.6300,37.7300,24.7600,33.0500,121041200
2008-09-30,41.7800,43.0400,34.5000,38.0000,99579900
2008-08-29,41.8300,41.9600,39.1000,41.3600,52197000
2008-07-31,39.8300,42.0000,38.2200,41.7600,89425700
2008-06-30,40.5700,41.5900,38.0200,40.7200,60211700
2008-05-30,37.5300,42.0400,36.5000,40.8200,53438800
2008-04-30,35.1800,39.6100,35.0000,37.5500,79990400
2008-03-31,34.9450,36.9700,32.4200,35.1700,62093900
2008-02-29,34.1600,37.3900,32.7300,35.2500,76378000
2008-01-31,36.2500,36.6500,31.9100,34.6200,85525600
2007-12-31,34.5000,38.4400,33.1500,36.0300,69566200
2007-11-30,38.8600,39.5700,33.0300,34.5600,97094200
2007-10-31,40.2500,42.3200,37.9000,39.0500,81764200
2007-09-28,41.2500,41.5400,37.2500,40.2500,69244900
2007-08-31,42.0500,42.8500,37.2500,41.2100,59963300
2007-07-31,42.6200,44.0000,39.7800,42.1300,71958100
2007-06-29,40.9000,44.0300,38.5600,42.8900,100658500
2007-05-31,39.0100,41.1900,37.6500,40.9400,42643800
2007-04-30,38.3700,39.5800,37.5700,39.1000,46514500
2007-03-30,35.0500,38.9500,34.2800,38.5400,64686200
2007-02-28,37.7400,39.2500,35.3000,35.7800,50089000
2007-01-31,36.5500,37.9800,35.9100,37.7500,57978300
2006-12-29,33.8000,38.0000,33.4500,36.9300,37760700
2006-11-30,32.7000,35.1700,32.4200,33.7000,44338400
2006-10-31,31.5500,33.5900,29.8500,32.9100,53513000
2006-09-29,29.8000,33.1500,28.2800,31.7100,45445900
2006-08-31,28.8500,29.6600,27.4200,29.6600,35184400
2006-07-31,28.3200,29.3700,27.3600,29.2600,38983300
2006-06-30,28.1500,29.3000,25.6800,28.3200,57083000
2006-05-31,29.0200,30.0000,26.1700,28.1500,58902600
2006-04-28,30.0600,30.6800,28.6000,29.0700,47232400
2006-03-31,32.8000,32.9400,28.2100,30.0700,78452600
2006-02-28,31.3500,33.0500,31.1300,32.6600,48806300
2006-01-31,28.8400,32.3500,28.8200,31.5300,71952700
2005-12-30,28.5000,29.5300,28.0200,28.8700,44847100
2005-11-30,26.0900,28.6300,26.0000,28.4400,43679100
2005-10-31,25.3300,26.9400,24.5400,26.3100,54874600
2005-09-30,24.5000,26.5100,24.4500,25.4600,46113500
2005-08-31,24.8000,25.7000,24.1600,24.4000,46807100
2005-07-29,22.7000,25.1000,22.2000,25.0400,68416800
2005-06-30,23.2400,24.1200,22.5600,22.6700,46249300
2005-05-31,21.6500,23.3300,21.0000,23.2800,61095300
2005-04-29,24.9700,25.2000,21.0400,21.7000,98810800
2005-03-31,25.5800,25.9700,23.5300,24.1500,52236600
2005-02-28,25.5500,26.1000,24.3900,25.5500,50801900
2005-01-31,26.9500,27.0800,24.6900,26.0500,64763000
2004-12-31,26.0000,27.6000,25.9400,27.0000,52102600
2004-11-30,24.1500,26.2200,23.9200,25.9400,55397000
2004-10-29,27.0200,27.5800,22.6100,24.2100,91723000
2004-09-30,26.1500,27.2500,25.8500,27.0500,41167300
2004-08-31,24.5100,26.6800,23.2500,26.1000,50761800
2004-07-30,27.5200,28.1000,23.9100,24.6300,59640600
2004-06-30,24.5900,27.8600,24.3000,27.4800,70477100
2004-05-28,23.7300,24.6800,22.8900,24.6100,51543400
2004-04-30,24.6200,25.9100,23.5200,23.7700,67941400
2004-03-31,23.0100,24.9400,22.6100,24.8000,50341600
2004-02-27,23.6000,23.9800,21.8600,23.1000,55282500
2004-01-30,26.1500,26.9500,21.8500,23.6700,96231800
2003-12-31,24.9800,26.5500,24.0500,26.3200,41424900
2003-11-28,23.5700,25.3700,23.5000,24.9000,35028200
2003-10-31,22.4800,24.0000,21.7900,23.4000,75933000
2003-09-30,21.1700,23.9200,21.0000,22.3400,97549300
2003-08-29,19.9200,22.0000,18.7500,21.1600,40257200
2003-07-31,17.9800,20.8000,17.6500,19.4200,47924200
2003-06-30,17.5200,18.8200,16.2500,18.0900,44137500
2003-05-30,16.0300,17.5400,16.0100,17.5200,34758000
2003-04-30,15.6000,16.2500,13.4500,16.0200,57133300
2003-03-31,15.6000,16.1700,13.4500,15.5000,40285100
2003-02-28,16.5800,16.7900,14.4800,15.3400,27349400
2003-01-31,18.0000,19.8800,15.1600,16.5500,55118900
2002-12-31,19.9700,20.4700,16.2300,17.9900,34103000
2002-11-29,16.6800,19.6500,15.9500,19.2500,49294800
2002-10-31,14.2000,17.8600,11.3000,16.8800,68641400
2002-09-30,16.4500,16.6100,13.2900,14.2800,46113700
2002-08-30,16.5000,19.2000,15.2300,16.4500,31483000
2002-07-31,19.0000,19.0000,13.7000,16.5000,94359700
2002-06-28,20.7500,20.9900,17.5000,19.0000,57007000
2002-05-31,21.3800,23.0800,19.5000,20.8500,115076500
2002-04-30,26.7000,26.7000,20.0700,21.4400,47305900
2002-03-28,26.3000,30.5000,25.0000,26.7000,33331500
2002-02-28,28.3000,28.3000,24.7000,26.1900,29172100
2002-01-31,26.9000,28.3400,23.1300,25.7800,46095500
2001-12-31,24.0000,28.0000,22.5000,26.9200,32314900
2001-11-30,17.5200,22.7500,17.3500,22.6000,28426700
2001-10-31,12.6500,18.0500,12.1200,17.5700,38638600
2001-09-28,15.0000,15.6500,11.6100,12.7500,28650300
2001-08-31,15.0000,15.6500,13.9000,14.9000,27745100
